Algorithm,Accuracy,Precision,Recall,Weighted F1,ROC-AUC
Logistic Regression,0.7060550458715597,0.7037826258061257,0.7060550458715597,0.7044297332775319,0.878512671254062
KNN,0.6300917431192661,0.6337954988377963,0.6300917431192661,0.6316071126525254,0.8053754549365685
Gaussian NB,0.6025688073394495,0.6010147823580867,0.6025688073394495,0.6005020534934301,0.7798102241531109
Decision Tree,0.6667889908256881,0.675764967801114,0.6667889908256881,0.6696879108602156,0.8219451573670028
SVC,0.7042201834862385,0.703298840805305,0.7042201834862385,0.7036405495099655,0.8492638483766095
Random Forest,0.6965137614678899,0.696877557172221,0.6965137614678899,0.6965308921579062,0.8682446017137346
AdaBoost,0.649908256880734,0.6551543575019203,0.649908256880734,0.6512213922838224,0.8166347507943139
Gradient Boosting,0.6939449541284404,0.6938312644521859,0.6939449541284404,0.6938557501590792,0.8689502619504755
Bagging,0.6902752293577982,0.6891773712655443,0.6902752293577982,0.6893357243711964,0.8667275030993029
MLP,0.6587155963302752,0.6576478471249345,0.6587155963302752,0.6581159579984369,0.8475001977773339
